key,zh-CN,en-US,status,note
admin.adminId,管理员ID,Admin ID,translated,
admin.changePassword,修改密码,Change Password,translated,
admin.changing,修改中...,Changing...,translated,
admin.confirmChange,确认修改,Confirm Change,translated,
admin.confirmPassword,确认密码,Confirm Password,translated,
admin.enterNewPassword,请输入新密码（至少6位）,Enter new password (min 6 chars),translated,
admin.enterNewPasswordAgain,请再次输入新密码,Re-enter new password,translated,
admin.enterNickname,请输入昵称,Enter nickname,translated,
admin.enterOldPassword,请输入原密码,Enter old password,translated,
admin.joinTime,加入时间,Joined At,translated,
admin.loadProfileFailed,加载资料失败,Failed to load profile,translated,
admin.menuPassword,修改密码,Password,translated,
admin.menuProfile,个人信息,Profile,translated,
admin.newPassword,新密码,New Password,translated,
admin.nickname,昵称,Nickname,translated,
admin.oldPassword,原密码,Old Password,translated,
admin.passwordChanged,密码修改成功,Password changed successfully,translated,
admin.passwordChangeFailed,密码修改失败,Password change failed,translated,
admin.passwordMismatch,两次新密码不一致,Passwords do not match,translated,
admin.passwordRule,密码需8-64位，包含大小写字母、数字和特殊符号,"Password must be 8-64 chars with upper, lower, numbers and special symbols",translated,
admin.profileInfo,个人信息,Profile Info,translated,
admin.profileSaved,资料已保存,Profile saved,translated,
admin.reset,重置,Reset,translated,
admin.role,管理员,Admin,translated,
admin.saveChanges,保存修改,Save Changes,translated,
admin.saveFailed,保存失败,Save failed,translated,
admin.saveSuccess,保存成功,Saved successfully,translated,
admin.saving,保存中...,Saving...,translated,
admin.selectImage,请选择图片文件,Please select an image file,translated,
admin.uploadAvatar,上传头像,Upload Avatar,translated,
admin.username,用户名,Username,translated,